,mae,rmse,mape,r2
arima,1.2020273887247543,1.738967232640405,8.92122809474715,-0.021536044865356097
prophet,4.390098101281341,5.770768109284129,25.985273986207062,-10.249627550408126
