,mae,rmse,mape,r2
linear_regression,0.018449334029555373,0.022676168287078576,0.19169907704081254,0.9999938607660782
random_forest,0.006685127733782226,0.19297055805186356,0.05185791722685298,0.9995554128107821
gradient_boosting,0.04878733551669115,0.20198020955633408,0.5460002090339758,0.9995129287722856
